invoice_id;vendor_id;invoice_number;invoice_date;invoice_total;payment_total;credit_total;terms_id;invoice_due_date;payment_date;invoice_id;invoice_sequence;account_number;line_item_amount;line_item_description
114;123;963253249;2018-08-02;127.75;127.75;0.00;3;2018-09-01;2018-09-04;114;1;553;127.75;Freight
113;37;547480102;2018-08-01;224.00;0.00;0.00;3;2018-08-31;NULL;113;1;510;224.00;"Health Insurance"
112;110;0-2436;2018-07-31;10976.06;0.00;0.00;3;2018-08-30;NULL;112;1;400;10976.06;"VSAM book printing"
111;123;263253257;2018-07-30;22.57;22.57;0.00;3;2018-08-29;2018-09-03;111;1;553;22.57;Freight
110;80;134116;2018-07-28;90.36;0.00;0.00;2;2018-08-17;NULL;110;1;540;90.36;"Card deck advertising"
109;121;97/222;2018-07-25;1000.46;1000.46;0.00;3;2018-08-24;2018-08-22;109;1;403;1000.46;"Crash Course covers"
108;123;963253240;2018-07-24;67.00;67.00;0.00;3;2018-08-23;2018-08-23;108;1;553;67.00;Freight
107;122;989319-447;2018-07-24;3689.99;3689.99;0.00;3;2018-08-23;2018-08-19;107;1;553;3689.99;Freight
106;110;0-2060;2018-07-24;23517.58;21221.63;2295.95;3;2018-08-23;2018-08-27;106;1;400;23517.58;"DB2 book printing"
105;106;9982771;2018-07-24;503.20;0.00;0.00;3;2018-08-23;NULL;105;1;582;503.20;"Bronco lease"
104;123;263253243;2018-07-23;44.44;44.44;0.00;3;2018-08-22;2018-08-24;104;1;553;44.44;Freight
103;122;989319-417;2018-07-23;2051.59;2051.59;0.00;3;2018-08-22;2018-08-24;103;1;553;2051.59;Freight
102;110;P-0608;2018-07-23;20551.18;0.00;1200.00;3;2018-08-22;NULL;102;1;400;20551.18;"CICS book printing"
101;123;263253273;2018-07-22;30.75;0.00;0.00;3;2018-08-21;NULL;101;1;553;30.75;Freight
100;123;263253270;2018-07-22;67.92;0.00;0.00;3;2018-08-21;NULL;100;1;553;67.92;Freight
99;123;263253268;2018-07-21;59.97;0.00;0.00;3;2018-08-20;NULL;99;1;553;59.97;Freight
98;83;31361833;2018-07-21;579.42;0.00;0.00;2;2018-08-10;NULL;98;1;572;579.42;"Catalog ad"
97;90;97-1024A;2018-07-20;356.48;356.48;0.00;2;2018-08-09;2018-08-07;97;1;170;356.48;"Network wiring"
96;110;P-0259;2018-07-19;26881.40;26881.40;0.00;3;2018-08-18;2018-08-20;96;1;400;26881.40;"MVS JCL"
95;82;C73-24;2018-07-19;600.00;600.00;0.00;2;2018-08-08;2018-08-13;95;1;572;600.00;"Books for research"
94;123;963253264;2018-07-18;52.25;0.00;0.00;3;2018-08-17;NULL;94;1;553;52.25;Freight
93;123;4-327-7357;2018-07-16;162.75;162.75;0.00;3;2018-08-15;2018-08-11;93;1;553;162.75;"International shipment"
92;117;111897;2018-07-15;16.62;16.62;0.00;3;2018-08-14;2018-08-14;92;1;521;16.62;Propane-forklift
91;95;111-92R-10095;2018-07-15;32.70;32.70;0.00;2;2018-08-04;2018-08-06;91;1;522;32.70;"Telephone (line 4)"
90;123;963253252;2018-07-12;38.75;38.75;0.00;3;2018-08-11;2018-08-11;90;1;553;38.75;Freight
89;72;39104;2018-07-10;85.31;0.00;0.00;3;2018-08-09;NULL;89;1;400;85.31;"Book copy"
88;123;963253239;2018-07-08;147.25;147.25;0.00;3;2018-08-07;2018-08-11;88;1;553;147.25;Freight
87;123;963253244;2018-07-08;60.00;60.00;0.00;3;2018-08-07;2018-08-09;87;1;553;60.00;Freight
86;123;963253230;2018-07-07;739.20;739.20;0.00;3;2018-08-06;2018-08-06;86;1;553;739.20;Freight
85;123;963253271;2018-07-07;158.00;158.00;0.00;3;2018-08-06;2018-08-11;85;1;553;158.00;"Int'l shipment"
84;123;963253258;2018-07-06;111.00;111.00;0.00;3;2018-08-05;2018-08-05;84;1;553;111.00;Freight
83;95;111-92R-10093;2018-07-06;39.77;39.77;0.00;2;2018-07-26;2018-07-22;83;1;522;39.77;"Telephone (Line 2)"
82;94;203339-13;2018-07-05;17.50;17.50;0.00;2;2018-07-25;2018-07-27;82;1;150;17.50;Supplies
81;123;263253265;2018-07-02;26.25;26.25;0.00;3;2018-08-01;2018-07-28;81;1;553;26.25;Freight
80;122;989319-467;2018-07-01;2318.03;2318.03;0.00;3;2018-07-31;2018-07-29;80;1;553;2318.03;Freight
79;100;587056;2018-06-30;2184.50;2184.50;0.00;4;2018-08-09;2018-08-07;79;1;540;2184.50;"PC card deck"
78;121;97/522;2018-06-28;1962.13;1762.13;200.00;3;2018-07-28;2018-07-30;78;1;403;1197.00;"Cover design"
78;121;97/522;2018-06-28;1962.13;1762.13;200.00;3;2018-07-28;2018-07-30;78;2;540;765.13;"Catalog design"
77;121;97/553;2018-06-25;904.14;904.14;0.00;3;2018-07-25;2018-07-25;77;1;403;904.14;"Cover design"
76;123;963253248;2018-06-24;241.00;241.00;0.00;3;2018-07-24;2018-07-25;76;1;553;241.00;"Int'l shipment"
75;123;7548906-20;2018-06-24;27.00;27.00;0.00;3;2018-07-24;2018-07-24;75;1;553;27.00;Freight
74;102;109596;2018-06-24;41.80;41.80;0.00;4;2018-08-03;2018-08-04;74;1;570;41.80;Coffee
73;114;CBM9920-M-T77109;2018-06-23;290.00;290.00;0.00;1;2018-07-03;2018-06-29;73;1;552;290.00;"International pkg."
72;123;43966316;2018-06-22;10.00;10.00;0.00;3;2018-07-22;2018-07-17;72;1;553;10.00;"Address correction"
71;123;963253254;2018-06-22;108.50;108.50;0.00;3;2018-07-22;2018-07-20;71;1;553;108.50;Freight
70;115;24780512;2018-06-22;6.00;6.00;0.00;4;2018-08-01;2018-07-29;70;1;553;6.00;Freight
69;80;133560;2018-06-22;175.00;175.00;0.00;2;2018-07-12;2018-07-16;69;1;540;175.00;"Card deck advertising"
68;81;MABO1489;2018-06-21;936.93;936.93;0.00;2;2018-07-11;2018-07-10;68;1;160;936.93;"Quarterly Maintenance"
67;122;989319-487;2018-06-20;1927.54;1927.54;0.00;3;2018-07-20;2018-07-18;67;1;553;1927.54;Freight
66;123;263253253;2018-06-18;31.95;31.95;0.00;3;2018-07-18;2018-07-21;66;1;553;31.95;Freight
65;99;509786;2018-06-18;6940.25;6940.25;0.00;3;2018-07-18;2018-07-15;65;1;400;6940.25;"OS Utilities"
64;123;963253267;2018-06-17;23.50;23.50;0.00;3;2018-07-17;2018-07-19;64;1;553;23.50;Freight
63;122;989319-427;2018-06-16;2115.81;2115.81;0.00;3;2018-07-16;2018-07-19;63;1;553;2115.81;Freight
62;123;963253269;2018-06-15;26.75;26.75;0.00;3;2018-07-15;2018-07-11;62;1;553;26.75;Freight
61;115;24946731;2018-06-15;25.67;25.67;0.00;4;2018-07-25;2018-07-26;61;1;553;25.67;"Freight out"
60;122;989319-497;2018-06-12;2312.20;2312.20;0.00;3;2018-07-12;2018-07-09;60;1;553;2312.20;Freight
59;123;4-314-3057;2018-06-11;13.75;13.75;0.00;3;2018-07-11;2018-07-15;59;1;553;13.75;Freight
58;123;963253256;2018-06-11;53.25;53.25;0.00;3;2018-07-11;2018-07-07;58;1;553;53.25;Freight
57;103;75C-90227;2018-06-11;1367.50;1367.50;0.00;5;2018-07-31;2018-07-31;57;1;589;1367.50;"401K Contributions"
56;86;367447;2018-06-11;2433.00;2433.00;0.00;1;2018-06-21;2018-06-17;56;1;572;2433.00;"Card deck"
55;123;963253245;2018-06-10;40.75;40.75;0.00;3;2018-07-10;2018-07-12;55;1;553;40.75;Freight
54;121;97/553B;2018-06-10;313.55;313.55;0.00;3;2018-07-10;2018-07-09;54;1;403;313.55;"Card revision"
53;95;111-92R-10092;2018-06-09;46.21;46.21;0.00;2;2018-06-29;2018-07-02;53;1;522;46.21;"Telephone (Line 1)"
52;34;Q545443;2018-06-09;1083.58;1083.58;0.00;1;2018-06-19;2018-06-23;52;1;160;1083.58;MSDN
51;122;989319-477;2018-06-08;2184.11;2184.11;0.00;3;2018-07-08;2018-07-08;51;1;553;2184.11;Freight
50;37;547479217;2018-06-07;116.00;116.00;0.00;3;2018-07-07;2018-07-07;50;1;510;116.00;"Health Insurance"
49;95;111-92R-10097;2018-06-04;16.33;16.33;0.00;2;2018-06-24;2018-06-26;49;1;522;16.33;"Telephone (line 6)"
48;123;1-202-2978;2018-06-03;33.00;33.00;0.00;3;2018-07-03;2018-07-05;48;1;553;33.00;Freight
47;83;31359783;2018-06-03;1575.00;1575.00;0.00;2;2018-06-23;2018-06-21;47;1;572;1575.00;"Catalog ad"
46;37;547481328;2018-06-03;224.00;224.00;0.00;3;2018-07-03;2018-07-04;46;1;510;224.00;"Health Insurance"
45;122;989319-437;2018-06-01;2765.36;2765.36;0.00;3;2018-07-01;2018-06-28;45;1;553;2765.36;Freight
44;95;111-92R-10094;2018-06-01;19.67;19.67;0.00;2;2018-06-21;2018-06-24;44;1;522;19.67;"Telephone (Line 3)"
43;72;40318;2018-06-01;21842.00;21842.00;0.00;3;2018-07-01;2018-06-29;43;1;400;21842.00;"Book repro"
42;123;94007069;2018-05-31;400.00;400.00;0.00;3;2018-06-30;2018-07-01;42;1;553;400.00;Freight
41;123;963253255;2018-05-31;53.75;53.75;0.00;3;2018-06-30;2018-06-27;41;1;553;53.75;Freight
40;121;97/503;2018-05-30;639.77;639.77;0.00;3;2018-06-29;2018-06-25;40;1;403;639.77;"Card deck"
39;110;0-2058;2018-05-28;37966.19;37966.19;0.00;3;2018-06-27;2018-06-30;39;1;400;37966.19;"CICS Desk Reference"
38;123;963253272;2018-05-26;61.50;61.50;0.00;3;2018-06-25;2018-06-30;38;1;553;61.50;Freight
37;123;963253260;2018-05-25;36.00;36.00;0.00;3;2018-06-24;2018-06-26;37;1;553;36.00;Freight
36;121;97/465;2018-05-25;565.15;565.15;0.00;3;2018-06-24;2018-06-24;36;1;403;565.15;"Crash Course Ad"
35;107;RTR-72-3662-X;2018-05-25;1600.00;1600.00;0.00;4;2018-07-04;2018-07-09;35;1;507;1600.00;"Income Tax"
34;123;963253232;2018-05-23;127.75;127.75;0.00;3;2018-06-22;2018-06-18;34;1;553;127.75;Freight
33;105;94007005;2018-05-23;220.00;220.00;0.00;3;2018-06-22;2018-06-26;33;1;591;220.00;"Form 571-L"
32;121;97/486;2018-05-21;953.10;953.10;0.00;3;2018-06-20;2018-06-22;32;1;403;953.10;"Crash Course revision"
31;104;P02-3772;2018-05-21;7125.34;7125.34;0.00;3;2018-06-20;2018-06-24;31;1;589;7125.34;"Web site design"
30;123;1-200-5164;2018-05-20;63.40;63.40;0.00;3;2018-06-19;2018-06-24;30;1;553;63.40;Freight
29;108;121897;2018-05-19;450.00;450.00;0.00;4;2018-06-28;2018-07-03;29;1;523;450.00;"Back office additions"
28;123;963253263;2018-05-16;109.50;109.50;0.00;3;2018-06-15;2018-06-10;28;1;553;109.50;Freight
27;88;972110;2018-05-15;207.78;207.78;0.00;1;2018-05-25;2018-05-27;27;1;540;207.78;"Prospect list"
26;123;4-342-8069;2018-05-14;10.00;10.00;0.00;3;2018-06-13;2018-06-13;26;1;553;10.00;Freight
25;123;963253246;2018-05-13;129.00;129.00;0.00;3;2018-06-12;2018-06-09;25;1;553;129.00;Freight
24;113;77290;2018-05-13;1750.00;1750.00;0.00;5;2018-07-02;2018-07-05;24;1;520;1750.00;"Warehouse lease"
23;97;21-4923721;2018-05-13;9.95;9.95;0.00;2;2018-06-02;2018-05-28;23;1;572;9.95;"Monthly access fee"
22;123;963253235;2018-05-11;108.25;108.25;0.00;3;2018-06-10;2018-06-09;22;1;553;108.25;Freight
21;119;10843;2018-05-11;4901.26;4901.26;0.00;2;2018-05-31;2018-05-29;21;1;589;4901.26;"Office lease"
20;115;24863706;2018-05-10;6.00;6.00;0.00;4;2018-06-19;2018-06-15;20;1;553;6.00;"Freight out"
19;34;QP58872;2018-05-07;116.54;116.54;0.00;1;2018-05-17;2018-05-19;19;1;160;116.54;"MVS Online Library"
18;123;963253242;2018-05-06;104.00;104.00;0.00;3;2018-06-05;2018-06-05;18;1;553;104.00;Freight
17;123;4-321-2596;2018-05-05;10.00;10.00;0.00;3;2018-06-04;2018-06-05;17;1;553;10.00;"Address correction"
16;97;21-4748363;2018-05-03;9.95;9.95;0.00;2;2018-05-23;2018-05-22;16;1;572;9.95;"Monthly access fee"
15;48;P02-88D77S7;2018-05-03;856.92;856.92;0.00;3;2018-06-02;2018-05-30;15;1;574;856.92;"Property Taxes"
14;115;25022117;2018-05-01;6.00;6.00;0.00;4;2018-06-10;2018-06-10;14;1;553;6.00;"Freight out"
13;95;111-92R-10096;2018-04-30;16.33;16.33;0.00;2;2018-05-20;2018-05-23;13;1;522;16.33;"Telephone (line 5)"
12;96;I77271-O01;2018-04-26;662.00;662.00;0.00;2;2018-05-16;2018-05-13;12;1;580;50.00;DiCicco's
12;96;I77271-O01;2018-04-26;662.00;662.00;0.00;2;2018-05-16;2018-05-13;12;2;570;75.60;Kinko's
12;96;I77271-O01;2018-04-26;662.00;662.00;0.00;2;2018-05-16;2018-05-13;12;3;570;58.40;"Office Max"
12;96;I77271-O01;2018-04-26;662.00;662.00;0.00;2;2018-05-16;2018-05-13;12;4;540;478.00;"Publishers Marketing"
11;123;963253262;2018-04-25;42.50;42.50;0.00;3;2018-05-25;2018-05-20;11;1;553;42.50;Freight
10;123;263253250;2018-04-24;42.67;42.67;0.00;3;2018-05-24;2018-05-22;10;1;553;42.67;Freight
9;121;97/488;2018-04-24;601.95;601.95;0.00;3;2018-05-24;2018-05-21;9;1;403;601.95;"Cover design"
8;89;125520-1;2018-04-24;95.00;95.00;0.00;1;2018-05-04;2018-05-01;8;1;522;95.00;"Telephone service"
7;123;963253237;2018-04-21;172.50;172.50;0.00;3;2018-05-21;2018-05-22;7;1;553;172.50;Freight
6;123;963253261;2018-04-16;42.75;42.75;0.00;3;2018-05-16;2018-05-21;6;1;553;42.75;Freight
5;123;963253251;2018-04-16;15.50;15.50;0.00;3;2018-05-16;2018-05-11;5;1;553;15.50;Freight
4;123;2-000-2993;2018-04-16;144.70;144.70;0.00;3;2018-05-16;2018-05-12;4;1;553;144.70;"Int'l shipment"
3;123;963253234;2018-04-13;138.75;138.75;0.00;3;2018-05-13;2018-05-09;3;1;553;138.75;Freight
2;123;263253241;2018-04-10;40.20;40.20;0.00;3;2018-05-10;2018-05-14;2;1;553;40.20;Freight
1;122;989319-457;2018-04-08;3813.33;3813.33;0.00;3;2018-05-08;2018-05-07;1;1;553;3813.33;Freight
